{
  "project_info": {
    "project_number": "1014755177785",
    "firebase_url": "https://ecommerce-8a931.firebaseio.com",
    "project_id": "ecommerce-8a931",
    "storage_bucket": "ecommerce-8a931.appspot.com"
  },
  "client": [
    {
      "client_info": {
        "mobilesdk_app_id": "1:1014755177785:android:3d233f52574cbdb92224e8",
        "android_client_info": {
          "package_name": "com.example.second_app"
        }
      },
      "oauth_client": [
        {
          "client_id": "1014755177785-dnqv275jvccu7c6oqn2d3ms07864ldbt.apps.googleusercontent.com",
          "client_type": 1,
          "android_info": {
            "package_name": "com.example.second_app",
            "certificate_hash": "c788457cce9a30a987bf7ec5b8674f0aec3c1163"
          }
        },
        {
          "client_id": "1014755177785-efe76cb3bv5fc47e75oqvt664831ib18.apps.googleusercontent.com",
          "client_type": 3
        }
      ],
      "api_key": [
        {
          "current_key": "AIzaSyDB9fkp12ps2nfw9FVqinGQMBEWUT0J7mo"
        }
      ],
      "services": {
        "appinvite_service": {
          "other_platform_oauth_client": [
            {
              "client_id": "1014755177785-efe76cb3bv5fc47e75oqvt664831ib18.apps.googleusercontent.com",
              "client_type": 3
            }
          ]
        }
      }
    }
  ],
  "configuration_version": "1"
}